sample,batch,condition
Sample_1,Batch2,Tumor
Sample_2,Batch2,Normal
Sample_3,Batch1,Tumor
Sample_4,Batch2,Normal
Sample_5,Batch1,Tumor
Sample_6,Batch1,Tumor
Sample_7,Batch1,Normal
Sample_8,Batch2,Tumor
Sample_9,Batch1,Tumor
Sample_10,Batch2,Normal
Sample_11,Batch1,Normal
Sample_12,Batch1,Tumor
Sample_13,Batch1,Normal
Sample_14,Batch1,Tumor
Sample_15,Batch2,Tumor
Sample_16,Batch1,Normal
Sample_17,Batch2,Normal
Sample_18,Batch2,Tumor
Sample_19,Batch1,Normal
Sample_20,Batch2,Tumor
Sample_21,Batch1,Tumor
Sample_22,Batch2,Normal
Sample_23,Batch2,Tumor
Sample_24,Batch1,Tumor
Sample_25,Batch2,Tumor
Sample_26,Batch2,Normal
Sample_27,Batch1,Tumor
Sample_28,Batch2,Normal
Sample_29,Batch1,Normal
Sample_30,Batch1,Normal
Sample_31,Batch2,Tumor
Sample_32,Batch2,Tumor
Sample_33,Batch1,Tumor
Sample_34,Batch2,Tumor
Sample_35,Batch1,Tumor
Sample_36,Batch1,Tumor
Sample_37,Batch2,Normal
Sample_38,Batch1,Normal
Sample_39,Batch1,Normal
Sample_40,Batch1,Tumor
Sample_41,Batch2,Normal
Sample_42,Batch1,Normal
Sample_43,Batch2,Normal
Sample_44,Batch2,Normal
Sample_45,Batch1,Normal
Sample_46,Batch2,Normal
Sample_47,Batch1,Tumor
Sample_48,Batch2,Normal
Sample_49,Batch1,Tumor
Sample_50,Batch2,Tumor
Sample_51,Batch2,Normal
Sample_52,Batch1,Normal
Sample_53,Batch1,Normal
Sample_54,Batch1,Tumor
Sample_55,Batch1,Tumor
Sample_56,Batch1,Normal
Sample_57,Batch1,Tumor
Sample_58,Batch1,Tumor
Sample_59,Batch1,Normal
Sample_60,Batch2,Normal
Sample_61,Batch1,Tumor
Sample_62,Batch2,Normal
Sample_63,Batch1,Tumor
Sample_64,Batch1,Tumor
Sample_65,Batch1,Tumor
Sample_66,Batch2,Tumor
Sample_67,Batch1,Tumor
Sample_68,Batch2,Normal
Sample_69,Batch2,Tumor
Sample_70,Batch1,Normal
Sample_71,Batch2,Tumor
Sample_72,Batch2,Normal
Sample_73,Batch1,Tumor
Sample_74,Batch2,Tumor
Sample_75,Batch1,Normal
Sample_76,Batch2,Normal
Sample_77,Batch2,Tumor
Sample_78,Batch1,Normal
Sample_79,Batch1,Normal
Sample_80,Batch2,Normal
Sample_81,Batch2,Normal
Sample_82,Batch2,Normal
Sample_83,Batch1,Normal
Sample_84,Batch1,Tumor
Sample_85,Batch1,Normal
Sample_86,Batch2,Normal
Sample_87,Batch1,Tumor
Sample_88,Batch2,Normal
Sample_89,Batch1,Tumor
Sample_90,Batch1,Tumor
Sample_91,Batch1,Tumor
Sample_92,Batch1,Normal
Sample_93,Batch2,Tumor
Sample_94,Batch2,Tumor
Sample_95,Batch1,Normal
Sample_96,Batch1,Normal
Sample_97,Batch1,Tumor
Sample_98,Batch1,Normal
Sample_99,Batch2,Normal
Sample_100,Batch2,Tumor
Sample_101,Batch1,Normal
Sample_102,Batch1,Tumor
Sample_103,Batch2,Normal
Sample_104,Batch1,Normal
Sample_105,Batch1,Tumor
Sample_106,Batch1,Normal
Sample_107,Batch1,Normal
Sample_108,Batch1,Tumor
Sample_109,Batch1,Tumor
Sample_110,Batch2,Tumor
Sample_111,Batch1,Normal
Sample_112,Batch1,Normal
Sample_113,Batch2,Normal
Sample_114,Batch1,Tumor
Sample_115,Batch2,Tumor
Sample_116,Batch2,Tumor
Sample_117,Batch2,Tumor
Sample_118,Batch2,Normal
Sample_119,Batch1,Normal
Sample_120,Batch1,Tumor
Sample_121,Batch2,Normal
Sample_122,Batch2,Tumor
Sample_123,Batch2,Tumor
Sample_124,Batch2,Tumor
Sample_125,Batch1,Tumor
Sample_126,Batch1,Tumor
Sample_127,Batch1,Tumor
Sample_128,Batch1,Normal
Sample_129,Batch1,Normal
Sample_130,Batch2,Tumor
Sample_131,Batch1,Normal
Sample_132,Batch1,Normal
Sample_133,Batch2,Normal
Sample_134,Batch1,Normal
Sample_135,Batch2,Tumor
Sample_136,Batch2,Tumor
Sample_137,Batch2,Normal
Sample_138,Batch2,Normal
Sample_139,Batch1,Tumor
Sample_140,Batch2,Tumor
Sample_141,Batch1,Tumor
Sample_142,Batch1,Normal
Sample_143,Batch1,Tumor
Sample_144,Batch2,Normal
Sample_145,Batch2,Normal
Sample_146,Batch1,Normal
Sample_147,Batch2,Tumor
Sample_148,Batch1,Normal
Sample_149,Batch2,Normal
Sample_150,Batch1,Tumor
Sample_151,Batch1,Tumor
Sample_152,Batch1,Normal
Sample_153,Batch1,Tumor
Sample_154,Batch1,Normal
Sample_155,Batch1,Normal
Sample_156,Batch1,Normal
Sample_157,Batch1,Tumor
Sample_158,Batch2,Tumor
Sample_159,Batch2,Normal
Sample_160,Batch1,Tumor
Sample_161,Batch1,Tumor
Sample_162,Batch1,Normal
Sample_163,Batch1,Tumor
Sample_164,Batch1,Tumor
Sample_165,Batch1,Tumor
Sample_166,Batch1,Tumor
Sample_167,Batch2,Normal
Sample_168,Batch1,Tumor
Sample_169,Batch1,Normal
Sample_170,Batch2,Tumor
Sample_171,Batch1,Normal
Sample_172,Batch2,Normal
Sample_173,Batch1,Tumor
Sample_174,Batch1,Tumor
Sample_175,Batch2,Normal
Sample_176,Batch1,Normal
Sample_177,Batch1,Tumor
Sample_178,Batch1,Tumor
Sample_179,Batch2,Tumor
Sample_180,Batch1,Normal
Sample_181,Batch1,Normal
Sample_182,Batch1,Normal
Sample_183,Batch1,Tumor
Sample_184,Batch1,Normal
Sample_185,Batch2,Normal
Sample_186,Batch1,Tumor
Sample_187,Batch2,Normal
Sample_188,Batch1,Tumor
Sample_189,Batch1,Normal
Sample_190,Batch2,Normal
Sample_191,Batch1,Normal
Sample_192,Batch2,Normal
Sample_193,Batch1,Tumor
Sample_194,Batch2,Normal
Sample_195,Batch1,Tumor
Sample_196,Batch1,Tumor
Sample_197,Batch2,Tumor
Sample_198,Batch1,Normal
Sample_199,Batch2,Tumor
Sample_200,Batch1,Normal
